<?xml version="1.0" encoding="UTF-8"?>
<!DOCTYPE suite SYSTEM "https://testng.org/testng-1.0.dtd">
<suite name="Suite">
  <test thread-count="5" name="Test">
    <classes>
      <class name="com.phptravels.frontend.testcases.paypalPayment"/>
      <class name="com.phptravels.frontend.testcases.updateProfile"/>
      <class name="com.phptravels.frontend.testcases.displayVoucher"/>
      <class name="com.phptravels.frontend.testcases.loginWithInvalidData"/>
      <class name="com.phptravels.frontend.testcases.loginWithValidData"/>
    </classes>
  </test> <!-- Test -->
</suite> <!-- Suite -->
