<?xml version="1.0" encoding="UTF-8"?>
<!DOCTYPE suite SYSTEM "https://testng.org/testng-1.0.dtd">
<suite name="Suite">
  <test thread-count="5" name="Test">
    <classes>
      <class name="com.phptravels.supplier.backend.testcase.loginWithInvalidData"/>
      <class name="com.phptravels.supplier.backend.testcase.checkModules"/>
      <class name="com.phptravels.supplier.backend.testcase.dashboardView"/>
      <class name="com.phptravels.supplier.backend.testcase.changeBookingStatus"/>
      <class name="com.phptravels.supplier.backend.testcase.loginWithValidData"/>
    </classes>
  </test> <!-- Test -->
</suite> <!-- Suite -->
