<?xml version="1.0" encoding="UTF-8"?>
<!DOCTYPE suite SYSTEM "https://testng.org/testng-1.0.dtd">
<suite name="Suite">
  <test thread-count="5" name="Test">
    <classes>
      <class name="com.phptravels.admin.backend.testcase.loginWithValidData"/>
      <class name="com.phptravels.admin.backend.testcase.loginWithInvalidData"/>
      <class name="com.phptravels.admin.backend.testcase.changeBookingStatus"/>
      <class name="com.phptravels.admin.backend.testcase.deleteCancelledBooking"/>
      <class name="com.phptravels.admin.backend.testcase.displayInvoice"/>
      <class name="com.phptravels.admin.backend.testcase.checkLinkWebsite"/>
    </classes>
  </test> <!-- Test -->
</suite> <!-- Suite -->
